spectrum_path,valid_fraction
Binzel2019data_gp/a005646.visnir.txt,0.0000
Binzel2019data_gp/a036017.visnir.txt,0.0000
Binzel2019data_gp/a162173.visnir.txt,0.0000
Binzel2019data_gp/a004775.visnir.txt,0.0100
Binzel2019data_gp/a354030.visnir_xth.txt,0.0100
DeMeo2009data_gp/a000402.sp04.txt,0.0150
Binzel2019data_gp/au2002UN.visnir.txt,0.0175
Binzel2019data_gp/a068350.visnir.txt,0.0374
Binzel2019data_gp/au2002TS67.visnir.txt,0.0873
Binzel2019data_gp/a154276.visnir.txt,0.1072
DeMeo2009data_gp/a000106.sp24.txt,0.1172
DeMeo2009data_gp/a000078.sp46.txt,0.1197
DeMeo2009data_gp/a000579.sp04.txt,0.1222
DeMeo2009data_gp/a000111.sp31.txt,0.1421
DeMeo2009data_gp/a001508.sp28.txt,0.1471
Binzel2019data_gp/a455192.visnir.txt,0.1796
Binzel2019data_gp/a152560.visnir.txt,0.2469
Binzel2019data_gp/a162998.visnir.txt,0.2494
Binzel2019data_gp/a010150.visnir.txt,0.2519
Binzel2019data_gp/a035396.visnir.txt,0.2519
Binzel2019data_gp/a085774.visnir.txt,0.2519
Binzel2019data_gp/a085774.visnir_xth.txt,0.2519
Binzel2019data_gp/a013553.visnir.txt,0.2618
Binzel2019data_gp/a138911.visnir.txt,0.2618
Binzel2019data_gp/a007822.visnir.txt,0.2643
Binzel2019data_gp/a004660.visnir.txt,0.2693
Binzel2019data_gp/a152563.visnir.txt,0.2743
Binzel2019data_gp/a006456.visnir.txt,0.2793
Binzel2019data_gp/a159857.visnir.txt,0.2968
Binzel2019data_gp/a455415.visnir.txt,0.3092
Binzel2019data_gp/a085867.visnir.txt,0.3142
DeMeo2009data_gp/a000653.sp21.txt,0.3167
Binzel2019data_gp/a065803.visnir.txt,0.3192
Binzel2019data_gp/a162483.visnir.txt,0.3192
Binzel2019data_gp/au2003UB5.visnir.txt,0.3342
DeMeo2009data_gp/a000041.sp30.txt,0.3416
Binzel2019data_gp/au2004LU3.visnir.txt,0.3416
Binzel2019data_gp/a159635.visnir.txt,0.3491
Binzel2019data_gp/a008373.visnir.txt,0.3516
Binzel2019data_gp/a006909.visnir.txt,0.3591
Binzel2019data_gp/a068346.visnir.txt,0.3691
Binzel2019data_gp/a137427.visnir.txt,0.3691
DeMeo2009data_gp/a000191.sp38.txt,0.3791
DeMeo2009data_gp/a000021.sp31.txt,0.3865
Binzel2019data_gp/a138846.visnir.txt,0.3865
Binzel2019data_gp/a162149.visnir.txt,0.3865
Binzel2019data_gp/a180186.visnir.txt,0.3865
DeMeo2009data_gp/a000054.sp19.txt,0.3915
Binzel2019data_gp/a452389.visnir.txt,0.4065
DeMeo2009data_gp/a000175.sp47.txt,0.4239
DeMeo2009data_gp/a001848.sp07.txt,0.5112
DeMeo2009data_gp/a000013.sp41.txt,0.5860
DeMeo2009data_gp/a000084.sp24.txt,0.6085
DeMeo2009data_gp/a000034.sp28.txt,0.6384
Binzel2019data_gp/a002212.visnir.txt,0.6633
Binzel2019data_gp/a010115.visnir.txt,0.7057
Binzel2019data_gp/a153591.visnir.txt,0.7157
Binzel2019data_gp/a006037.visnir.txt,0.7332
Binzel2019data_gp/a096189.visnir.txt,0.7357
Binzel2019data_gp/a137199.visnir.txt,0.7481
Binzel2019data_gp/a085990.visnir.txt,0.7581
Binzel2019data_gp/au2002NY40.visnir.txt,0.7581
Binzel2019data_gp/a000887.visnir.txt,0.7681
Binzel2019data_gp/a099799.visnir.txt,0.7706
Binzel2019data_gp/a003361.visnir.txt,0.7731
Binzel2019data_gp/a153591.visnir_xth.txt,0.7731
Binzel2019data_gp/a162911.visnir.txt,0.7731
Binzel2019data_gp/a086212.visnir.txt,0.7756
Binzel2019data_gp/a096189.visnir_xth.txt,0.7781
Binzel2019data_gp/a145656.visnir.txt,0.7805
Binzel2019data_gp/a004015.visnir.txt,0.7880
Binzel2019data_gp/a267494.visnir.txt,0.7930
DeMeo2009data_gp/a000789.sp16.txt,0.7980
Binzel2019data_gp/a503871.visnir.txt,0.7980
Binzel2019data_gp/a236716.visnir.txt,0.8030
Binzel2019data_gp/a241662.visnir.txt,0.8055
Binzel2019data_gp/a026760.visnir.txt,0.8080
Binzel2019data_gp/a085709.visnir.txt,0.8155
Binzel2019data_gp/a303174.visnir.txt,0.8155
Binzel2019data_gp/a001310.visnir.txt,0.8180
Binzel2019data_gp/a001580.visnir.txt,0.8180
Binzel2019data_gp/a001580.visnir_xth.txt,0.8180
Binzel2019data_gp/a005693.visnir.txt,0.8180
Binzel2019data_gp/a022753.visnir.txt,0.8180
Binzel2019data_gp/a026760.visnir_xth.txt,0.8180
Binzel2019data_gp/a063164.visnir.txt,0.8180
Binzel2019data_gp/a066063.visnir.txt,0.8180
Binzel2019data_gp/a144411.visnir.txt,0.8180
Binzel2019data_gp/a312473.visnir.txt,0.8180
Binzel2019data_gp/a301964.visnir.txt,0.8204
Binzel2019data_gp/a329437.visnir.txt,0.8204
Binzel2019data_gp/a143624.visnir.txt,0.8229
Binzel2019data_gp/a350523.visnir.txt,0.8229
Binzel2019data_gp/a002449.visnir.txt,0.8279
Binzel2019data_gp/a065996.visnir_xth.txt,0.8279
DeMeo2009data_gp/a002442.sp17.txt,0.8304
Binzel2019data_gp/a137170.visnir.txt,0.8329
Binzel2019data_gp/a164202.visnir.txt,0.8329
DeMeo2009data_gp/a054690.sp05.txt,0.8354
Binzel2019data_gp/a019764.visnir.txt,0.8354
Binzel2019data_gp/a005645.visnir.txt,0.8379
Binzel2019data_gp/a010145.visnir.txt,0.8379
Binzel2019data_gp/a024761.visnir.txt,0.8379
Binzel2019data_gp/a053319.visnir_xth.txt,0.8379
Binzel2019data_gp/a455322.visnir.txt,0.8454
Binzel2019data_gp/a455322.visnir_xth.txt,0.8454
Binzel2019data_gp/a025143.visnir.txt,0.8479
Binzel2019data_gp/a068359.visnir.txt,0.8479
Binzel2019data_gp/a099942.visnir.txt,0.8479
Binzel2019data_gp/a461501.visnir.txt,0.8529
Binzel2019data_gp/a068950.visnir.txt,0.8554
Binzel2019data_gp/a007888.visnir.txt,0.8579
DeMeo2009data_gp/a004197.sp25.txt,0.8628
Binzel2019data_gp/a015745.visnir.txt,0.8653
Binzel2019data_gp/a017511.visnir.txt,0.8653
Binzel2019data_gp/a102528.visnir.txt,0.8653
DeMeo2009data_gp/a001094.sp21.txt,0.8703
Binzel2019data_gp/a004953.visnir.txt,0.8703
Binzel2019data_gp/au2001SG286.visnir.txt,0.8703
Binzel2019data_gp/a009400.visnir.txt,0.8728
Binzel2019data_gp/a217796.visnir.txt,0.8753
DeMeo2009data_gp/a002521.sp09.txt,0.8778
Binzel2019data_gp/a440212.visnir.txt,0.8803
DeMeo2009data_gp/a019356.sp03.txt,0.8828
Binzel2019data_gp/a037336.visnir.txt,0.8828
Binzel2019data_gp/a189552.visnir.txt,0.8828
Binzel2019data_gp/a138852.visnir.txt,0.8853
Binzel2019data_gp/a219071.visnir.txt,0.8853
DeMeo2009data_gp/a000776.sp38.txt,0.8878
DeMeo2009data_gp/a005840.sp08.txt,0.8878
DeMeo2009data_gp/a000236.sp50.txt,0.8953
DeMeo2009data_gp/a000824.sp07.txt,0.9002
Binzel2019data_gp/a154302.visnir.txt,0.9002
Binzel2019data_gp/a011398.visnir.txt,0.9027
DeMeo2009data_gp/a000070.sp18.txt,0.9052
DeMeo2009data_gp/a000038.sp23.txt,0.9077
Binzel2019data_gp/a052768.visnir.txt,0.9102
Binzel2019data_gp/a054789.visnir.txt,0.9102
Binzel2019data_gp/a399774.visnir.txt,0.9102
Binzel2019data_gp/a039572.visnir.txt,0.9127
DeMeo2009data_gp/a000115.sp10.txt,0.9152
Binzel2019data_gp/a005392.visnir.txt,0.9152
DeMeo2009data_gp/a000051.sp29.txt,0.9177
Binzel2019data_gp/a003671.visnir.txt,0.9177
Binzel2019data_gp/a141052.visnir.txt,0.9177
DeMeo2009data_gp/a000039.sp07.txt,0.9202
DeMeo2009data_gp/a162781.sp03.txt,0.9202
Binzel2019data_gp/a010302.visnir.txt,0.9202
DeMeo2009data_gp/a000052.sp52.txt,0.9227
DeMeo2009data_gp/a000599.sp04.txt,0.9227
DeMeo2009data_gp/a000606.sp18.txt,0.9227
Binzel2019data_gp/a002340.visnir.txt,0.9227
Binzel2019data_gp/a137032.visnir.txt,0.9227
DeMeo2009data_gp/a000434.sp08.txt,0.9252
Binzel2019data_gp/a108519.visnir.txt,0.9252
DeMeo2009data_gp/a002448.sp21.txt,0.9277
Binzel2019data_gp/a014402.visnir.txt,0.9277
Binzel2019data_gp/a137799.visnir.txt,0.9277
Binzel2019data_gp/au2002AV.visnir.txt,0.9277
DeMeo2009data_gp/a003910.sp16.txt,0.9302
Binzel2019data_gp/a002100.visnir.txt,0.9302
Binzel2019data_gp/a005836.visnir.txt,0.9302
Binzel2019data_gp/a086039.visnir.txt,0.9302
Binzel2019data_gp/a163697.visnir.txt,0.9302
DeMeo2009data_gp/a000029.sp03.txt,0.9327
DeMeo2009data_gp/a000077.sp55.txt,0.9327
Binzel2019data_gp/a405058.visnir.txt,0.9327
DeMeo2009data_gp/a000085.sp24.txt,0.9352
DeMeo2009data_gp/a000378.sp12.txt,0.9352
Binzel2019data_gp/a003691.visnir.txt,0.9352
Binzel2019data_gp/a200840.visnir.txt,0.9352
Binzel2019data_gp/a283460.visnir.txt,0.9352
DeMeo2009data_gp/a000003.sp21.txt,0.9377
DeMeo2009data_gp/a000675.sp12.txt,0.9377
DeMeo2009data_gp/a000729.sp07.txt,0.9377
DeMeo2009data_gp/a001198.sp19.txt,0.9377
DeMeo2009data_gp/a006386.sp36.txt,0.9377
DeMeo2009data_gp/a018736.sp03.txt,0.9377
DeMeo2009data_gp/a036284.sp11.txt,0.9377
Binzel2019data_gp/a003833.visnir.txt,0.9377
Binzel2019data_gp/a138524.visnir.txt,0.9377
DeMeo2009data_gp/a000040.sp32.txt,0.9401
DeMeo2009data_gp/a000064.sp03.txt,0.9401
DeMeo2009data_gp/a000925.sp18.txt,0.9401
DeMeo2009data_gp/a001332.sp42.txt,0.9401
DeMeo2009data_gp/a020786.sp25.txt,0.9401
DeMeo2009data_gp/a086450.sp03.txt,0.9401
Binzel2019data_gp/a003988.visnir.txt,0.9401
Binzel2019data_gp/a016834.visnir.txt,0.9401
Binzel2019data_gp/a033342.visnir.txt,0.9401
Binzel2019data_gp/a065996.visnir.txt,0.9401
Binzel2019data_gp/a161998.visnir.txt,0.9401
DeMeo2009data_gp/a000387.sp22.txt,0.9426
DeMeo2009data_gp/a066146.sp25.txt,0.9426
Binzel2019data_gp/a024445.visnir.txt,0.9426
Binzel2019data_gp/a032906.visnir.txt,0.9426
DeMeo2009data_gp/a001685.sp37.txt,0.9451
DeMeo2009data_gp/a002965.sp40.txt,0.9451
Binzel2019data_gp/a326290.visnir.txt,0.9451
Binzel2019data_gp/a471240.visnir.txt,0.9451
DeMeo2009data_gp/a000028.sp09.txt,0.9476
DeMeo2009data_gp/a000101.sp57.txt,0.9476
DeMeo2009data_gp/a000130.sp05.txt,0.9476
DeMeo2009data_gp/a002396.sp07.txt,0.9476
DeMeo2009data_gp/a003873.sp19.txt,0.9476
Binzel2019data_gp/a002078.visnir.txt,0.9476
Binzel2019data_gp/a005626.visnir.txt,0.9476
Binzel2019data_gp/a007482.visnir.txt,0.9476
Binzel2019data_gp/a011405.visnir.txt,0.9476
Binzel2019data_gp/a085818.visnir.txt,0.9476
Binzel2019data_gp/a085989.visnir.txt,0.9476
Binzel2019data_gp/a101955.visnir.txt,0.9476
Binzel2019data_gp/a138404.visnir.txt,0.9476
DeMeo2009data_gp/a000151.sp47.txt,0.9501
DeMeo2009data_gp/a000181.sp25.txt,0.9501
DeMeo2009data_gp/a000237.sp12.txt,0.9501
DeMeo2009data_gp/a000716.sp08.txt,0.9501
Binzel2019data_gp/a001865.visnir.txt,0.9501
Binzel2019data_gp/a302311.visnir.txt,0.9501
Binzel2019data_gp/a452561.visnir.txt,0.9501
DeMeo2009data_gp/a000288.sp18.txt,0.9526
DeMeo2009data_gp/a001866.sp56.txt,0.9526
DeMeo2009data_gp/a001943.sp09.txt,0.9526
Binzel2019data_gp/a003352.visnir.txt,0.9526
Binzel2019data_gp/a066251.visnir.txt,0.9526
Binzel2019data_gp/a452561.visnir_xth.txt,0.9526
DeMeo2009data_gp/a000150.sp24.txt,0.9551
DeMeo2009data_gp/a001126.sp04.txt,0.9551
DeMeo2009data_gp/a001329.sp16.txt,0.9551
DeMeo2009data_gp/a138258.sp11.txt,0.9551
Binzel2019data_gp/a068216.visnir.txt,0.9551
Binzel2019data_gp/a096590.visnir.txt,0.9551
Binzel2019data_gp/a152931.visnir.txt,0.9551
Binzel2019data_gp/a413038.visnir.txt,0.9551
DeMeo2009data_gp/a000008.sp17.txt,0.9576
DeMeo2009data_gp/a000133.sp06.txt,0.9576
DeMeo2009data_gp/a000742.sp21.txt,0.9576
DeMeo2009data_gp/au2000PG3.sp01.txt,0.9576
Binzel2019data_gp/a003674.visnir.txt,0.9576
Binzel2019data_gp/a242187.visnir.txt,0.9576
Binzel2019data_gp/a345705.visnir.txt,0.9576
DeMeo2009data_gp/a000010.sp28.txt,0.9601
DeMeo2009data_gp/a000170.sp06.txt,0.9601
DeMeo2009data_gp/a000706.sp49.txt,0.9601
DeMeo2009data_gp/a006455.sp19.txt,0.9601
Binzel2019data_gp/a100926.visnir.txt,0.9601
Binzel2019data_gp/a154029.visnir.txt,0.9601
Binzel2019data_gp/a285263.visnir_xth.txt,0.9601
Binzel2019data_gp/au2007RU17.visnir.txt,0.9601
DeMeo2009data_gp/a000011.sp47.txt,0.9626
DeMeo2009data_gp/a000234.txt,0.9626
DeMeo2009data_gp/a000832.sp23.txt,0.9626
DeMeo2009data_gp/a003122.sp27.txt,0.9626
DeMeo2009data_gp/au2001XN254.sp12.txt,0.9626
DeMeo2009data_gp/au2002AV.sp09.txt,0.9626
Binzel2019data_gp/a139622.visnir.txt,0.9626
Binzel2019data_gp/a163000.visnir.txt,0.9626
Binzel2019data_gp/au2004QD3.visnir.txt,0.9626
DeMeo2009data_gp/a000026.sp08.txt,0.9651
DeMeo2009data_gp/a000103.sp07.txt,0.9651
DeMeo2009data_gp/a000147.sp24.txt,0.9651
DeMeo2009data_gp/a000661.sp21.txt,0.9651
DeMeo2009data_gp/a000863.sp09.txt,0.9651
DeMeo2009data_gp/a001228.sp21.txt,0.9651
DeMeo2009data_gp/a006047.sp45.txt,0.9651
DeMeo2009data_gp/a019127.sp25.txt,0.9651
DeMeo2009data_gp/a162058.sp26.txt,0.9651
Binzel2019data_gp/a004183.visnir.txt,0.9651
Binzel2019data_gp/a007358.visnir.txt,0.9651
Binzel2019data_gp/a068372.visnir.txt,0.9651
Binzel2019data_gp/a153814.visnir.txt,0.9651
DeMeo2009data_gp/a000005.sp28.txt,0.9676
DeMeo2009data_gp/a000066.sp48.txt,0.9676
DeMeo2009data_gp/a000114.sp52.txt,0.9676
DeMeo2009data_gp/a000158.sp21.txt,0.9676
DeMeo2009data_gp/a000188.sp12.txt,0.9676
DeMeo2009data_gp/a000354.sp12.txt,0.9676
DeMeo2009data_gp/a000389.sp08.txt,0.9676
DeMeo2009data_gp/a000625.sp04.txt,0.9676
DeMeo2009data_gp/a001620.sp03.txt,0.9676
DeMeo2009data_gp/a002378.sp40.txt,0.9676
DeMeo2009data_gp/a002851.sp08.txt,0.9676
DeMeo2009data_gp/a003920.sp17.txt,0.9676
Binzel2019data_gp/a007336.visnir.txt,0.9676
DeMeo2009data_gp/a000019.sp49.txt,0.9701
DeMeo2009data_gp/a000128.sp24.txt,0.9701
DeMeo2009data_gp/a000246.sp37.txt,0.9701
DeMeo2009data_gp/a000295.sp18.txt,0.9701
DeMeo2009data_gp/a000359.sp03.txt,0.9701
DeMeo2009data_gp/a000460.sp15.txt,0.9701
DeMeo2009data_gp/a000913.sp07.txt,0.9701
DeMeo2009data_gp/a001011.sp09.txt,0.9701
DeMeo2009data_gp/a004451.sp09.txt,0.9701
DeMeo2009data_gp/a005379.sp51.txt,0.9701
Binzel2019data_gp/a162186.visnir.txt,0.9701
Binzel2019data_gp/a354030.visnir.txt,0.9701
DeMeo2009data_gp/a000014.sp25.txt,0.9726
DeMeo2009data_gp/a000033.sp10.txt,0.9726
DeMeo2009data_gp/a004558.sp29.txt,0.9726
DeMeo2009data_gp/a089355.sp12.txt,0.9726
DeMeo2009data_gp/a000015.sp28.txt,0.9751
DeMeo2009data_gp/a000042.sp06.txt,0.9751
DeMeo2009data_gp/a000090.sp44.txt,0.9751
DeMeo2009data_gp/a000160.sp23.txt,0.9751
DeMeo2009data_gp/a001640.sp37.txt,0.9751
DeMeo2009data_gp/a001916.sp07.txt,0.9751
DeMeo2009data_gp/a002401.sp16.txt,0.9751
DeMeo2009data_gp/a003511.sp12.txt,0.9751
Binzel2019data_gp/a006611.visnir.txt,0.9751
Binzel2019data_gp/a011066.visnir.txt,0.9751
Binzel2019data_gp/a163081.visnir.txt,0.9751
Binzel2019data_gp/a308635.visnir.txt,0.9751
Binzel2019data_gp/a308635.visnir_xth.txt,0.9751
Binzel2019data_gp/a414586.visnir.txt,0.9751
Binzel2019data_gp/a448003.visnir.txt,0.9751
DeMeo2009data_gp/a000030.sp02.txt,0.9776
DeMeo2009data_gp/a000055.sp49.txt,0.9776
DeMeo2009data_gp/a000061.sp02.txt,0.9776
DeMeo2009data_gp/a000243.sp21.txt,0.9776
DeMeo2009data_gp/a000453.sp07.txt,0.9776
DeMeo2009data_gp/a000793.sp18.txt,0.9776
DeMeo2009data_gp/a001131.sp40.txt,0.9776
DeMeo2009data_gp/a001147.sp07.txt,0.9776
DeMeo2009data_gp/a001148.sp05.txt,0.9776
DeMeo2009data_gp/a001494.sp55.txt,0.9776
DeMeo2009data_gp/a002501.sp09.txt,0.9776
DeMeo2009data_gp/a005817.sp31.txt,0.9776
DeMeo2009data_gp/au2002AA.sp09.txt,0.9776
Binzel2019data_gp/a001917.visnir.txt,0.9776
Binzel2019data_gp/a003554.visnir.txt,0.9776
Binzel2019data_gp/a005786.visnir.txt,0.9776
Binzel2019data_gp/a025916.visnir.txt,0.9776
Binzel2019data_gp/a137126.visnir.txt,0.9776
Binzel2019data_gp/a451397.visnir.txt,0.9776
DeMeo2009data_gp/a000007.sp28.txt,0.9800
DeMeo2009data_gp/a000049.sp24.txt,0.9800
DeMeo2009data_gp/a000073.sp26.txt,0.9800
DeMeo2009data_gp/a000093.sp22.txt,0.9800
DeMeo2009data_gp/a000097.sp45.txt,0.9800
DeMeo2009data_gp/a000105.sp24.txt,0.9800
DeMeo2009data_gp/a000108.sp10.txt,0.9800
DeMeo2009data_gp/a000226.sp10.txt,0.9800
DeMeo2009data_gp/a000444.sp07.txt,0.9800
DeMeo2009data_gp/a001658.sp03.txt,0.9800
DeMeo2009data_gp/a001980.sp55.txt,0.9800
DeMeo2009data_gp/a003402.sp25.txt,0.9800
DeMeo2009data_gp/a004688.sp03.txt,0.9800
DeMeo2009data_gp/a005230.sp44.txt,0.9800
DeMeo2009data_gp/a005407.sp09.txt,0.9800
DeMeo2009data_gp/a005604.sp05.txt,0.9800
DeMeo2009data_gp/a006411.sp28.txt,0.9800
DeMeo2009data_gp/a008444.sp25.txt,0.9800
DeMeo2009data_gp/a053435.sp55.txt,0.9800
DeMeo2009data_gp/au2001TX16.sp11.txt,0.9800
Binzel2019data_gp/a004587.visnir.txt,0.9800
Binzel2019data_gp/a142040.visnir.txt,0.9800
Binzel2019data_gp/a159402.visnir.txt,0.9800
Binzel2019data_gp/a285263.visnir.txt,0.9800
Binzel2019data_gp/a401857.visnir.txt,0.9800
DeMeo2009data_gp/a000032.sp03.txt,0.9825
DeMeo2009data_gp/a001143.sp42.txt,0.9825
DeMeo2009data_gp/a002074.sp25.txt,0.9825
DeMeo2009data_gp/a002099.sp45.txt,0.9825
DeMeo2009data_gp/a002107.sp49.txt,0.9825
DeMeo2009data_gp/a003102.sp02.txt,0.9825
DeMeo2009data_gp/a003155.sp06.txt,0.9825
DeMeo2009data_gp/a004055.sp38.txt,0.9825
DeMeo2009data_gp/a006239.sp27.txt,0.9825
DeMeo2009data_gp/a025330.sp19.txt,0.9825
DeMeo2009data_gp/a099907.sp19.txt,0.9825
Binzel2019data_gp/a001566.visnir.txt,0.9825
Binzel2019data_gp/a007753.visnir.txt,0.9825
Binzel2019data_gp/a310442.visnir.txt,0.9825
DeMeo2009data_gp/a000027.sp31.txt,0.9850
DeMeo2009data_gp/a000264.sp41.txt,0.9850
DeMeo2009data_gp/a001204.sp37.txt,0.9850
DeMeo2009data_gp/a001660.sp37.txt,0.9850
DeMeo2009data_gp/a002335.sp46.txt,0.9850
DeMeo2009data_gp/a003200.sp34.txt,0.9850
DeMeo2009data_gp/a003395.sp04.txt,0.9850
DeMeo2009data_gp/a003858.sp28.txt,0.9850
DeMeo2009data_gp/a004570.sp06.txt,0.9850
DeMeo2009data_gp/a005143.sp55.txt,0.9850
DeMeo2009data_gp/a006585.sp55.txt,0.9850
DeMeo2009data_gp/a098943.sp33.txt,0.9850
DeMeo2009data_gp/a137062.sp19.txt,0.9850
Binzel2019data_gp/a001627.visnir.txt,0.9850
Binzel2019data_gp/a007304.visnir.txt,0.9850
Binzel2019data_gp/a053319.visnir.txt,0.9850
Binzel2019data_gp/a154347.visnir.txt,0.9850
Binzel2019data_gp/a416186.visnir.txt,0.9850
Binzel2019data_gp/a451157.visnir.txt,0.9850
DeMeo2009data_gp/a000018.sp06.txt,0.9875
DeMeo2009data_gp/a000063.sp25.txt,0.9875
DeMeo2009data_gp/a000067.sp29.txt,0.9875
DeMeo2009data_gp/a000279.sp35.txt,0.9875
DeMeo2009data_gp/a000570.sp28.txt,0.9875
DeMeo2009data_gp/a000808.sp07.txt,0.9875
DeMeo2009data_gp/a001065.sp37.txt,0.9875
DeMeo2009data_gp/a001139.sp44.txt,0.9875
DeMeo2009data_gp/a001350.sp06.txt,0.9875
DeMeo2009data_gp/a001642.sp07.txt,0.9875
DeMeo2009data_gp/a002732.sp07.txt,0.9875
DeMeo2009data_gp/a004038.sp19.txt,0.9875
DeMeo2009data_gp/a005641.sp38.txt,0.9875
Binzel2019data_gp/a004954.visnir.txt,0.9875
Binzel2019data_gp/a018882.visnir.txt,0.9875
Binzel2019data_gp/a021088.visnir.txt,0.9875
Binzel2019data_gp/a506459.visnir.txt,0.9875
DeMeo2009data_gp/a000001.sp41.txt,0.9900
DeMeo2009data_gp/a000025.sp03.txt,0.9900
DeMeo2009data_gp/a000056.sp31.txt,0.9900
DeMeo2009data_gp/a000057.sp14.txt,0.9900
DeMeo2009data_gp/a000153.sp40.txt,0.9900
DeMeo2009data_gp/a000180.sp18.txt,0.9900
DeMeo2009data_gp/a000205.sp24.txt,0.9900
DeMeo2009data_gp/a000210.sp47.txt,0.9900
DeMeo2009data_gp/a000221.sp02.txt,0.9900
DeMeo2009data_gp/a000244.sp05.txt,0.9900
DeMeo2009data_gp/a000278.sp14.txt,0.9900
DeMeo2009data_gp/a000349.sp06.txt,0.9900
DeMeo2009data_gp/a000456.sp15.txt,0.9900
DeMeo2009data_gp/a000485.sp10.txt,0.9900
DeMeo2009data_gp/a000512.sp32.txt,0.9900
DeMeo2009data_gp/a000670.sp18.txt,0.9900
DeMeo2009data_gp/a000688.sp18.txt,0.9900
DeMeo2009data_gp/a000719.sp08.txt,0.9900
DeMeo2009data_gp/a000739.sp18.txt,0.9900
DeMeo2009data_gp/a000908.sp53.txt,0.9900
DeMeo2009data_gp/a000984.sp18.txt,0.9900
DeMeo2009data_gp/a001036.sp37.txt,0.9900
DeMeo2009data_gp/a001300.sp55.txt,0.9900
DeMeo2009data_gp/a001471.sp45.txt,0.9900
DeMeo2009data_gp/a001565.sp36.txt,0.9900
DeMeo2009data_gp/a001839.sp05.txt,0.9900
DeMeo2009data_gp/a001862.sp47.txt,0.9900
DeMeo2009data_gp/a001864.sp05.txt,0.9900
DeMeo2009data_gp/a001903.sp21.txt,0.9900
DeMeo2009data_gp/a001904.sp01.txt,0.9900
DeMeo2009data_gp/a002042.sp08.txt,0.9900
DeMeo2009data_gp/a002085.sp12.txt,0.9900
DeMeo2009data_gp/a002715.sp07.txt,0.9900
DeMeo2009data_gp/a003103.sp06.txt,0.9900
DeMeo2009data_gp/a003844.sp22.txt,0.9900
DeMeo2009data_gp/a004179.sp30.txt,0.9900
DeMeo2009data_gp/a004352.sp15.txt,0.9900
DeMeo2009data_gp/a004417.sp08.txt,0.9900
DeMeo2009data_gp/a004713.sp12.txt,0.9900
DeMeo2009data_gp/a005660.sp43.txt,0.9900
DeMeo2009data_gp/a005685.sp05.txt,0.9900
DeMeo2009data_gp/a086819.sp02.txt,0.9900
Binzel2019data_gp/a030825.visnir.txt,0.9900
Binzel2019data_gp/a087684.visnir.txt,0.9900
Binzel2019data_gp/a088710.visnir.txt,0.9900
Binzel2019data_gp/a141018.visnir.txt,0.9900
Binzel2019data_gp/a155334.visnir.txt,0.9900
Binzel2019data_gp/a163249.visnir.txt,0.9900
Binzel2019data_gp/a214869.visnir.txt,0.9900
Binzel2019data_gp/a217807.visnir.txt,0.9900
DeMeo2009data_gp/a003628.sp50.txt,0.9925
Binzel2019data_gp/a007889.visnir.txt,0.9925
Binzel2019data_gp/a365424.visnir.txt,0.9925
DeMeo2009data_gp/a002873.sp09.txt,0.9950
DeMeo2009data_gp/a003635.sp47.txt,0.9950
DeMeo2009data_gp/a003903.sp17.txt,0.9950
DeMeo2009data_gp/a004188.sp07.txt,0.9950
Binzel2019data_gp/a008567.visnir.txt,0.9950
Binzel2019data_gp/a341843.visnir.txt,0.9950
DeMeo2009data_gp/a003753.sp45.txt,0.9975
Binzel2019data_gp/a088188.visnir.txt,0.9975
DeMeo2009data_gp/a000002.sp05.txt,1.0000
DeMeo2009data_gp/a000004.sp02.txt,1.0000
DeMeo2009data_gp/a000016.sp02.txt,1.0000
DeMeo2009data_gp/a000017.sp07.txt,1.0000
DeMeo2009data_gp/a000020.sp06.txt,1.0000
DeMeo2009data_gp/a000022.sp55.txt,1.0000
DeMeo2009data_gp/a000024.sp45.txt,1.0000
DeMeo2009data_gp/a000037.sp07.txt,1.0000
DeMeo2009data_gp/a000043.sp48.txt,1.0000
DeMeo2009data_gp/a000048.sp45.txt,1.0000
DeMeo2009data_gp/a000050.sp23.txt,1.0000
DeMeo2009data_gp/a000058.sp24.txt,1.0000
DeMeo2009data_gp/a000065.sp25.txt,1.0000
DeMeo2009data_gp/a000069.sp40.txt,1.0000
DeMeo2009data_gp/a000076.sp44.txt,1.0000
DeMeo2009data_gp/a000082.sp08.txt,1.0000
DeMeo2009data_gp/a000087.sp44.txt,1.0000
DeMeo2009data_gp/a000092.sp02.txt,1.0000
DeMeo2009data_gp/a000096.sp49.txt,1.0000
DeMeo2009data_gp/a000099.sp47.txt,1.0000
DeMeo2009data_gp/a000110.sp03.txt,1.0000
DeMeo2009data_gp/a000119.sp06.txt,1.0000
DeMeo2009data_gp/a000131.sp53.txt,1.0000
DeMeo2009data_gp/a000132.sp44.txt,1.0000
DeMeo2009data_gp/a000192.sp50.txt,1.0000
DeMeo2009data_gp/a000199.sp21.txt,1.0000
DeMeo2009data_gp/a000201.sp28.txt,1.0000
DeMeo2009data_gp/a000214.sp33.txt,1.0000
DeMeo2009data_gp/a000216.sp15.txt,1.0000
DeMeo2009data_gp/a000233.sp18.txt,1.0000
DeMeo2009data_gp/a000250.sp26.txt,1.0000
DeMeo2009data_gp/a000258.sp08.txt,1.0000
DeMeo2009data_gp/a000266.sp44.txt,1.0000
DeMeo2009data_gp/a000267.sp24.txt,1.0000
DeMeo2009data_gp/a000269.sp40.txt,1.0000
DeMeo2009data_gp/a000289.sp01.txt,1.0000
DeMeo2009data_gp/a000308.sp39.txt,1.0000
DeMeo2009data_gp/a000322.sp18.txt,1.0000
DeMeo2009data_gp/a000337.sp18.txt,1.0000
DeMeo2009data_gp/a000345.sp45.txt,1.0000
DeMeo2009data_gp/a000346.sp14.txt,1.0000
DeMeo2009data_gp/a000352.sp06.txt,1.0000
DeMeo2009data_gp/a000371.sp07.txt,1.0000
DeMeo2009data_gp/a000403.sp22.txt,1.0000
DeMeo2009data_gp/a000433.sp16.txt,1.0000
DeMeo2009data_gp/a000446.sp07.txt,1.0000
DeMeo2009data_gp/a000513.sp05.txt,1.0000
DeMeo2009data_gp/a000532.sp06.txt,1.0000
DeMeo2009data_gp/a000596.sp14.txt,1.0000
DeMeo2009data_gp/a000631.sp18.txt,1.0000
DeMeo2009data_gp/a000673.sp06.txt,1.0000
DeMeo2009data_gp/a000679.sp04.txt,1.0000
DeMeo2009data_gp/a000699.sp35.txt,1.0000
DeMeo2009data_gp/a000720.sp02.txt,1.0000
DeMeo2009data_gp/a000773.sp31.txt,1.0000
DeMeo2009data_gp/a000782.sp06.txt,1.0000
DeMeo2009data_gp/a000785.sp41.txt,1.0000
DeMeo2009data_gp/a000847.sp04.txt,1.0000
DeMeo2009data_gp/a000929.sp06.txt,1.0000
DeMeo2009data_gp/a000944.sp31.txt,1.0000
DeMeo2009data_gp/a000985.sp40.txt,1.0000
DeMeo2009data_gp/a001020.sp21.txt,1.0000
DeMeo2009data_gp/a001374.sp28.txt,1.0000
DeMeo2009data_gp/a001433.sp16.txt,1.0000
DeMeo2009data_gp/a001459.sp04.txt,1.0000
DeMeo2009data_gp/a001542.sp39.txt,1.0000
DeMeo2009data_gp/a001659.sp11.txt,1.0000
DeMeo2009data_gp/a001662.sp21.txt,1.0000
DeMeo2009data_gp/a001667.sp19.txt,1.0000
DeMeo2009data_gp/a001751.sp06.txt,1.0000
DeMeo2009data_gp/a001807.sp30.txt,1.0000
DeMeo2009data_gp/a001858.sp12.txt,1.0000
DeMeo2009data_gp/a001929.sp04.txt,1.0000
DeMeo2009data_gp/a002035.sp19.txt,1.0000
DeMeo2009data_gp/a002045.sp09.txt,1.0000
DeMeo2009data_gp/a002063.sp41.txt,1.0000
DeMeo2009data_gp/a002064.sp52.txt,1.0000
DeMeo2009data_gp/a002157.sp21.txt,1.0000
DeMeo2009data_gp/a002246.sp39.txt,1.0000
DeMeo2009data_gp/a002353.sp14.txt,1.0000
DeMeo2009data_gp/a002354.sp21.txt,1.0000
DeMeo2009data_gp/a002386.sp15.txt,1.0000
DeMeo2009data_gp/a002504.sp22.txt,1.0000
DeMeo2009data_gp/a002566.sp17.txt,1.0000
DeMeo2009data_gp/a002579.sp02.txt,1.0000
DeMeo2009data_gp/a002875.sp11.txt,1.0000
DeMeo2009data_gp/a002911.sp21.txt,1.0000
DeMeo2009data_gp/a002912.sp04.txt,1.0000
DeMeo2009data_gp/a002957.sp21.txt,1.0000
DeMeo2009data_gp/a002977.sp18.txt,1.0000
DeMeo2009data_gp/a003028.sp17.txt,1.0000
DeMeo2009data_gp/a003198.sp40.txt,1.0000
DeMeo2009data_gp/a003199.sp36.txt,1.0000
DeMeo2009data_gp/a003248.sp39.txt,1.0000
DeMeo2009data_gp/a003255.sp17.txt,1.0000
DeMeo2009data_gp/a003317.sp50.txt,1.0000
DeMeo2009data_gp/a003363.sp12.txt,1.0000
DeMeo2009data_gp/a003430.sp15.txt,1.0000
DeMeo2009data_gp/a003491.sp15.txt,1.0000
DeMeo2009data_gp/a003701.sp07.txt,1.0000
DeMeo2009data_gp/a003734.sp08.txt,1.0000
DeMeo2009data_gp/a003788.sp21.txt,1.0000
DeMeo2009data_gp/a003908.sp30.txt,1.0000
DeMeo2009data_gp/a003949.sp08.txt,1.0000
DeMeo2009data_gp/a004407.sp08.txt,1.0000
DeMeo2009data_gp/a004737.sp15.txt,1.0000
DeMeo2009data_gp/a004995.sp19.txt,1.0000
DeMeo2009data_gp/a005013.sp09.txt,1.0000
DeMeo2009data_gp/a005111.sp44.txt,1.0000
DeMeo2009data_gp/a005261.sp41.txt,1.0000
DeMeo2009data_gp/a005401.sp21.txt,1.0000
DeMeo2009data_gp/a005587.sp05.txt,1.0000
DeMeo2009data_gp/a007341.sp11.txt,1.0000
DeMeo2009data_gp/a007763.sp14.txt,1.0000
DeMeo2009data_gp/a008334.sp21.txt,1.0000
DeMeo2009data_gp/a017274.sp02.txt,1.0000
DeMeo2009data_gp/a020790.sp03.txt,1.0000
DeMeo2009data_gp/a022771.sp26.txt,1.0000
DeMeo2009data_gp/a024475.sp05.txt,1.0000
DeMeo2009data_gp/a035107.sp20.txt,1.0000
Binzel2019data_gp/a001468.visnir.txt,1.0000
Binzel2019data_gp/a001747.visnir.txt,1.0000
Binzel2019data_gp/a001951.visnir.txt,1.0000
Binzel2019data_gp/a001981.visnir.txt,1.0000
Binzel2019data_gp/a002102.visnir.txt,1.0000
Binzel2019data_gp/a002201.visnir.txt,1.0000
Binzel2019data_gp/a003288.visnir.txt,1.0000
Binzel2019data_gp/a003552.visnir.txt,1.0000
Binzel2019data_gp/a003552.visnir_xth.txt,1.0000
Binzel2019data_gp/a004142.visnir.txt,1.0000
Binzel2019data_gp/a004486.visnir.txt,1.0000
Binzel2019data_gp/a005011.visnir.txt,1.0000
Binzel2019data_gp/a005131.visnir.txt,1.0000
Binzel2019data_gp/a007753.visnir_xth.txt,1.0000
Binzel2019data_gp/a008566.visnir.txt,1.0000
Binzel2019data_gp/a012711.visnir.txt,1.0000
Binzel2019data_gp/a016960.visnir.txt,1.0000
Binzel2019data_gp/a029075.visnir.txt,1.0000
Binzel2019data_gp/a033881.visnir.txt,1.0000
Binzel2019data_gp/a052340.visnir.txt,1.0000
Binzel2019data_gp/a052760.visnir.txt,1.0000
Binzel2019data_gp/a052762.visnir.txt,1.0000
Binzel2019data_gp/a052762.visnir_xth.txt,1.0000
Binzel2019data_gp/a065679.visnir.txt,1.0000
Binzel2019data_gp/a088254.visnir.txt,1.0000
Binzel2019data_gp/a136617.visnir.txt,1.0000
Binzel2019data_gp/a136923.visnir.txt,1.0000
Binzel2019data_gp/a136993.visnir.txt,1.0000
Binzel2019data_gp/a143381.visnir.txt,1.0000
Binzel2019data_gp/a143651.visnir.txt,1.0000
Binzel2019data_gp/a163364.visnir.txt,1.0000
Binzel2019data_gp/a170502.visnir.txt,1.0000
Binzel2019data_gp/a170502.visnir_xth.txt,1.0000
Binzel2019data_gp/a175706.visnir.txt,1.0000
Binzel2019data_gp/a175706.visnir_xth.txt,1.0000
Binzel2019data_gp/a192563.visnir.txt,1.0000
Binzel2019data_gp/a253841.visnir.txt,1.0000
Binzel2019data_gp/a297418.visnir.txt,1.0000
Binzel2019data_gp/a363067.visnir.txt,1.0000
Binzel2019data_gp/a480883.visnir.txt,1.0000
Binzel2019data_gp/a481532.visnir.txt,1.0000
Binzel2019data_gp/a500080.visnir.txt,1.0000
Binzel2019data_gp/au2000WL63.visnir.txt,1.0000
Binzel2019data_gp/au2002TP69.visnir.txt,1.0000
Binzel2019data_gp/au2002VP69.visnir.txt,1.0000
Binzel2019data_gp/au2008QS11.visnir.txt,1.0000
